<?xml version="1.0"?>
<!DOCTYPE CodeBlocks_lexer_properties>
<CodeBlocks_lexer_properties>
		<Lexer name="D"
				index="79"
				filemasks="*.d,*.dd,*.di">
				<Style name="Default"
						index="0"
						fg="0,0,0"
						bg="249,249,249"
						bold="0"
						italics="0"
						underlined="0"/>
				<Style name="Comment"
						index="1"
						fg="0,128,0"/>
				<Style name="Commentline"
						index="2"
						fg="0,128,0"/>
				<Style name="Comment (doc)"
						index="3"
						fg="107,107,107"
						italics="1"/>
				<Style name="Comment (nested)"
						index="4"
						fg="107,107,107"
						italics="1"/>
				<Style name="Number"
						index="5"
						fg="0,100,100"/>
				<Style name="Keyword 1"
						index="6"
						fg="0,0,255"/>
				<Style name="Keyword 2"
						index="7"
						fg="42,130,210"
						bold="1"/>
				<Style name="Keyword 3"
						index="8"
						fg="0,0,255"/>
				<Style name="Keyword 4"
						index="9"
						fg="0,0,255"/>
				<Style name="String"
						index="10,11,18"
						fg="231,34,34"/>
				<Style name="Rawstring"
						index="19"
						fg="219,0,14"/>
				<Style name="Character"
						index="12"
						fg="193,135,0"/>
				<Style name="Operator"
						index="13"
						fg="83,40,40"/>
				<Style name="Identifier"
						index="14"
						fg="0,0,0"/>
				<Style name="Commentline (doc)"
						index="15"
						fg="107,107,107"
						italics="1"/>
				<Style name="Comment keyword (doc)"
						index="16"
						fg="0,128,128"
						italics="1"/>
				<Style name="Comment keyword error (doc)"
						index="17"
						fg="128,0,0"
						italics="1"
						bold="1"/>
				<Style name="Keyword 5"
						index="20"
						fg="0,113,240"/>
				<Style name="Keyword 6"
						index="21"
						fg="0,0,102"/>
				<Style name="Keyword 7"
						index="22"
						fg="153,0,112"/>
				<Style name="Selection"
						index="-99"
						bg="192,192,192"/>
				<Style name="Active line"
						index="-98"
						bg="255,255,160"/>
				<Style name="Breakpoint line"
						index="-2"
						bg="255,160,160"/>
				<Style name="Debugger active line"
						index="-3"
						bg="160,160,255"/>
				<Style name="Compiler error line"
						index="-4"
						bg="255,128,0"/>
				<Style name="Matching brace highlight"
						index="34"
						fg="255,0,0"
						bold="1"/>
				<Style name="No matching brace highlight"
						index="35"
						bg="255,0,0"/>
				<Keywords>
						<Set index="0" value="void byte bool ubyte short ushort int uint long ulong cent ucent float double real ifloat
								idouble ireal cfloat cdouble creal char wchar dchar body asm bool true false function delegate"/>
						<Set index="1" value="public private protected with extern
								final abstract override const debug version pragma public private deprecated protected volatile
								class struct interface enum new this null delete invariant super union template
								is import module alias typedef with cast package typeof typeid classinfo mixin
								in out const static inout lazy ref extern export auto align scope pure
								if for foreach while do assert return unittest try catch else throw switch case break
								continue default finally goto synchronized"/>
						<Set index="2"
								value="a addindex addtogroup anchor arg attention
								author b brief bug c class code date def defgroup deprecated dontinclude
								e em endcode endhtmlonly endif endlatexonly endlink endverbatim enum example exception
								f$ f[ f] file fn hideinitializer htmlinclude htmlonly
								if image include ingroup internal invariant interface latexonly li line link
								mainpage name namespace nosubgrouping note overload
								p page par param post pre ref relates remarks return retval
								sa section see showinitializer since skip skipline struct subsection
								test throw todo typedef union until
								var verbatim verbinclude version warning weakgroup $ @ \ & < > # { }"/>
						<Set index="3"
								value="atk ActionIF ActionT ComponentIF ComponentT DocumentIF DocumentT EditableTextIF EditableTextT
								GObjectAccessible Hyperlink HyperlinkImplIF HyperlinkImplT HypertextIF HypertextT ImageIF ImageT
								ImplementorIF ImplementorT Misc NoOpObject NoOpObjectFactory ObjectAtk ObjectFactory Plug Range
								Rectangle Registry Relation RelationSet SelectionIF SelectionT Socket State StateSet
								StreamableContentIF StreamableContentT TableCellIF TableCellT TableIF TableT TextIF TextRange
								TextT Util ValueIF ValueT Version WindowIF WindowT"/>
						<Set index="4"
								value="cairo Context Device FontFace FontOption ImageSurface Matrix MeshPattern Pattern PdfSurface
								PostScriptSurface RasterSource RecordingSurface Region ScaledFont Script ScriptSurface Status Surface
								SvgSurface Types UserFontFace Version"/>
						<Set index="5"
								value="gdk AppLaunchContext Atom Cairo Color Cursor Device DeviceManager DevicePadIF DevicePadT DeviceTool
								Display DisplayManager DragContext DrawingContext Event EventSequence FrameClock FrameTimings Gdk GLContext
								Keymap Keysyms MonitorG Pango Pixbuf Rectangle RGBA Screen Seat Selection Testing Threads Visual Window X11"/>
						<Set index="6"
								value="gtk AboutDialog AccelGroup AccelLabel AccelMap Accessible Action ActionableIF ActionableT ActionBar
								ActionGroup ActivatableIF ActivatableT Adjustment Alignment AppChooserButton AppChooserDialog AppChooserIF
								AppChooserT AppChooserWidget Application ApplicationWindow Arrow ArrowAccessible AspectFrame Assistant Bin
								BindingEntry BindingSet BooleanCellAccessible Border Box BuildableIF BuildableT Builder Button
								ButtonAccessible ButtonBox Calendar CellAccessible CellAccessibleParentIF CellAccessibleParentT
								CellArea CellAreaBox CellAreaClass CellAreaContext CellEditableIF CellEditableT CellLayoutIF
								CellLayoutT CellRenderer CellRendererAccel CellRendererClass CellRendererCombo CellRendererPixbuf
								CellRendererProgress CellRendererSpin CellRendererSpinner CellRendererText CellRendererToggle CellView
								CheckButton CheckMenuItem CheckMenuItemAccessible Clipboard ColorButton ColorChooserDialog ColorChooserIF
								ColorChooserT ColorChooserWidget ColorSelection ColorSelectionDialog ComboBox ComboBoxAccessible
								ComboBoxText Container ContainerAccessible ContainerCellAccessible ContainerClass CssProvider CssSection
								Dialog DragAndDrop DrawingArea EditableIF EditableT Entry EntryAccessible EntryBuffer EntryCompletion
								EventBox EventController Expander ExpanderAccessible FileChooserButton FileChooserDialog FileChooserIF
								FileChooserNative FileChooserT FileChooserWidget FileFilter Fixed FlowBox FlowBoxAccessible FlowBoxChild
								FlowBoxChildAccessible FontButton FontChooserDialog FontChooserIF FontChooserT FontChooserWidget
								FontSelection FontSelectionDialog Frame FrameAccessible Gesture GestureDrag GestureLongPress
								GestureMultiPress GesturePan GestureRotate GestureSingle GestureSwipe GestureZoom GLArea Gradient
								Grid HandleBox HBox HButtonBox HeaderBar HPaned HScale HScrollbar HSeparator HSV IconFactory IconInfo
								IconSet IconSize IconSource IconTheme IconView IconViewAccessible Image ImageAccessible ImageCellAccessible
								ImageMenuItem IMContext IMContextSimple IMMulticontext InfoBar Invisible Label LabelAccessible Layout
								LevelBar LevelBarAccessible LinkButton LinkButtonAccessible ListBox ListBoxAccessible ListBoxRow
								ListBoxRowAccessible ListStore LockButton LockButtonAccessible Main MainWindow Menu MenuAccessible
								MenuBar MenuButton MenuButtonAccessible MenuItem MenuItemAccessible MenuShell MenuShellAccessible
								MenuToolButton MessageDialog Misc ModelButton MountOperation NativeDialog Notebook NotebookAccessible
								NotebookPageAccessible NumerableIcon OffscreenWindow OrientableIF OrientableT Overlay PadController
								PageSetup Paned PanedAccessible PaperSize PlacesSidebar Plug Popover PopoverAccessible PopoverMenu
								PopupBox PrintContext PrintOperation PrintOperationPreviewIF PrintOperationPreviewT PrintSettings
								ProgressBar ProgressBarAccessible RadioAction RadioButton RadioButtonAccessible RadioMenuItem
								RadioMenuItemAccessible RadioToolButton Range RangeAccessible RcProperty RcStyle RecentAction
								RecentChooserDialog RecentChooserIF RecentChooserMenu RecentChooserT RecentChooserWidget RecentFilter
								RecentInfo RecentManager RendererCellAccessible Requisition Revealer Scale ScaleAccessible ScaleButton
								ScaleButtonAccessible ScrollableIF ScrollableT Scrollbar ScrolledWindow ScrolledWindowAccessible
								SearchBar SearchEntry SelectionData Separator SeparatorMenuItem SeparatorToolItem Settings ShortcutLabel
								ShortcutsGroup ShortcutsSection ShortcutsShortcut ShortcutsWindow SizeGroup Socket SpinButton
								SpinButtonAccessible Spinner SpinnerAccessible Stack StackAccessible StackSidebar StackSwitcher
								Statusbar StatusbarAccessible StatusIcon StockItem Style StyleContext StyleProperties StyleProviderIF
								StyleProviderT Switch SwitchAccessible SymbolicColor Table TargetEntry TargetList TearoffMenuItem
								Testing TextAttributes TextBuffer TextCellAccessible TextChildAnchor TextIter TextMark TextTag
								TextTagTable TextView TextViewAccessible ThemingEngine ToggleAction ToggleButton ToggleButtonAccessible
								ToggleToolButton ToolBar ToolButton ToolItem ToolItemGroup ToolPalette ToolShellIF ToolShellT Tooltip
								ToplevelAccessible TreeDragDestIF TreeDragDestT TreeDragSourceIF TreeDragSourceT TreeIter TreeIterError
								TreeModel TreeModelFilter TreeModelIF TreeModelSort TreeModelT TreeNode TreePath TreeRowReference
								TreeSelection TreeSortableIF TreeSortableT TreeStore TreeView TreeViewAccessible TreeViewColumn
								UIManager VBox VButtonBox Version Viewport VolumeButton VPaned VScale VScrollbar VSeparator Widget
								WidgetAccessible WidgetClass WidgetPath Window WindowAccessible WindowGroup"/>
						<Set index="7"
								value="gdkpixbuf Pixbuf PixbufAnimation PixbufAnimationIter PixbufFormat PixbufLoader PixbufSimpleAnimation Pixdata
								gio ActionGroupIF ActionGroupT ActionIF ActionMapIF ActionMapT ActionT AppInfoIF AppInfoMonitor AppInfoT
								AppLaunchContext Application ApplicationCommandLine AsyncInitableIF AsyncInitableT AsyncResultIF
								AsyncResultT BufferedInputStream BufferedOutputStream BytesIcon Cancellable CharsetConverter ContentType
								ConverterIF ConverterInputStream ConverterOutputStream ConverterT Credentials DatagramBasedIF DatagramBasedT
								DataInputStream DataOutputStream DBusActionGroup DBusAnnotationInfo DBusArgInfo DBusAuthObserver
								DBusConnection DBusError DBusInterfaceIF DBusInterfaceInfo DBusInterfaceSkeleton DBusInterfaceT
								DBusMenuModel DBusMessage DBusMethodInfo DBusMethodInvocation DBusNames DBusNodeInfo DBusObjectIF
								DBusObjectManagerClient DBusObjectManagerIF DBusObjectManagerServer DBusObjectManagerT DBusObjectProxy
								DBusObjectSkeleton DBusObjectT DBusPropertyInfo DBusProxy DBusServer DBusSignalInfo DBusUtilities
								DesktopAppInfo DesktopAppInfoLookupIF DesktopAppInfoLookupT DriveIF DriveT DtlsClientConnectionIF
								DtlsClientConnectionT DtlsConnectionIF DtlsConnectionT DtlsServerConnectionIF DtlsServerConnectionT
								Emblem EmblemedIcon ErrorGIO FileAttributeInfoList FileAttributeMatcher FileDescriptorBasedIF
								FileDescriptorBasedT FileEnumerator FileIcon FileIF FileInfo FileInputStream FileIOStream FileMonitor
								FilenameCompleter FileOutputStream FileT FilterInputStream FilterOutputStream IconIF IconT InetAddress
								InetAddressMask InetSocketAddress InitableIF InitableT InputStream IOExtension IOExtensionPoint IOModule
								IOModuleScope IOSchedulerJob IOStream ListModelIF ListModelT ListStore LoadableIconIF LoadableIconT
								MemoryInputStream MemoryOutputStream Menu MenuAttributeIter MenuItem MenuLinkIter MenuModel MountIF
								MountOperation MountT NativeVolumeMonitor NetworkAddress NetworkMonitorIF NetworkMonitorT NetworkService
								Notification OutputStream Permission PollableInputStreamIF PollableInputStreamT PollableOutputStreamIF
								PollableOutputStreamT PollableUtils PropertyAction ProxyAddress ProxyAddressEnumerator ProxyIF
								ProxyResolverIF ProxyResolverT ProxyT RemoteActionGroupIF RemoteActionGroupT Resolver Resource SeekableIF
								SeekableT Settings SettingsBackend SettingsSchema SettingsSchemaKey SettingsSchemaSource SimpleAction
								SimpleActionGroup SimpleAsyncResult SimpleIOStream SimplePermission SimpleProxyResolver Socket
								SocketAddress SocketAddressEnumerator SocketClient SocketConnectableIF SocketConnectableT SocketConnection
								SocketControlMessage SocketListener SocketService SrvTarget StaticResource Subprocess SubprocessLauncher
								Task TcpConnection TcpWrapperConnection TestDBus ThemedIcon ThreadedSocketService TlsBackendIF TlsBackendT
								TlsCertificate TlsClientConnectionIF TlsClientConnectionT TlsConnection TlsDatabase TlsFileDatabaseIF
								TlsFileDatabaseT TlsInteraction TlsPassword TlsServerConnectionIF TlsServerConnectionT UnixConnection
								UnixCredentialsMessage UnixFDList UnixFDMessage UnixInputStream UnixMountEntry UnixMountMonitor
								UnixMountPoint UnixOutputStream UnixSocketAddress Vfs VolumeIF VolumeMonitor VolumeT ZlibCompressor ZlibDecompressor
								glib ArrayG AsyncQueue Atomic Base64 BBTree BookmarkFile ByteArray Bytes CharacterSet Checksum Child Cond
								ConstructionException DataList DataSet Date DateTime Directory ErrorG FileUtils GException GLib HashTable
								HashTableIter Hmac Hook HookList Hostname IConv Idle Internationalization IOChannel KeyFile ListG ListSG
								MainContext MainLoop MappedFile MatchInfo Memory MemorySlice MessageLog Messages Module Mutex Node Once
								OptionContext OptionGroup Pattern Private PtrArray Quark QueueG RandG RecMutex Regex RWLock ScannerG
								Sequence SequenceIter ShellUtils SimpleXML Source Spawn Str StringChunk StringG TestLogBuffer TestLogMsg
								TestSuite Thread ThreadPool Timeout Timer TimeVal TimeZone TrashStack Unicode UnixUtils URI Util Uuid
								Variant VariantBuilder VariantDict VariantIter VariantType Version
								gobject Binding Boxed CClosure Closure DClosure Enums Flags ObjectClass ObjectG ParamSpec ParamSpecPool
								Signals Type TypeClass TypeInstance TypeInterface TypeModule TypePluginIF TypePluginT TypeValueTable Value ValueArray
								gthread Cond Mutex Once Private RecMutex RWLock Thread"/>
						<Set index="8"
								value="gtkc atktypes cairotypes gdkpixbuftypes gdktypes giotypes glibtypes gobjecttypes gtktypes Loader
								pangotypes paths rsvg rsvgtypes gtkd Implement Loader paths"/>
						<Set index="9"
								value="pango PgAttribute PgAttributeFontDesc PgAttributeIterator PgAttributeLanguage PgAttributeList
								PgAttributeShape PgAttributeSize PgCairo PgCairoFontMap PgColor PgContext PgCoverage PgEngine PgEngineLang
								PgEngineShape PgFont PgFontDescription PgFontFace PgFontFamily PgFontMap PgFontMetrics PgFontset
								PgFontsetSimple PgGlyphItem PgGlyphItemIter PgGlyphString PgItem PgLanguage PgLayout PgLayoutIter
								PgLayoutLine PgMap PgMatrix PgMiscellaneous PgRenderer PgScript PgScriptIter PgTabArray PgVersion PgVertical"/>
				</Keywords>
				<SampleCode value="lexer_d.sample"
						breakpoint_line="20"
						debug_line="22"
						error_line="23"/>
                <LanguageAttributes
                    LineComment="//"
                    StreamCommentStart="/*"
                    StreamCommentEnd="*/"
                    BoxCommentStart="/* "
                    BoxCommentMid=" * "
                    BoxCommentEnd=" */"
                    CaseSensitive="1"
                    LexerCommentStyles="1,2,3,4,15,17,18"
                    LexerCharacterStyles="12"
                    LexerStringStyles="10,11,18,19"
                    LexerPreprocessorStyles=""/>
		</Lexer>
</CodeBlocks_lexer_properties>
